id,conversation_id,created_at,date,time,timezone,user_id,username,name,place,tweet,language,mentions,urls,photos,replies_count,retweets_count,likes_count,hashtags,cashtags,link,retweet,quote_url,video,thumbnail,near,geo,source,user_rt_id,user_rt,retweet_id,reply_to,retweet_date,translate,trans_src,trans_dest
417867583560245248,417867583560245248,2013-12-30 22:59:30 EST,2013-12-30,22:59:30,-0400,717507673,bigthugj,Jasmine,"{'type': 'Point', 'coordinates': [33.60834818, -101.84641088]}","Pizza would be life right now, if only.",en,[],[],[],0,0,0,[],[],https://twitter.com/bigthugj/status/417867583560245248,False,,0,,,"34.97273,-105.032363,200mi",,,,,[],,,,
417843508666716160,417843508666716160,2013-12-30 21:23:50 EST,2013-12-30,21:23:50,-0400,237401568,skyrimj0b,Patrick Lemon,"{'type': 'Point', 'coordinates': [35.102862, -106.56732893]}",California pizza kitchen with my fav people @outlawedsoul @spenttt @ California Pizza Kitchen  http://t.co/9sBiJ5WOrP,en,"[{'screen_name': 'outlawedsoul', 'name': 'fakinglife', 'id': '908527219'}, {'screen_name': 'spenttt', 'name': 'spent', 'id': '1091903277241905154'}]",['http://instagram.com/p/ikbF4yuqGn/'],[],0,0,0,[],[],https://twitter.com/Skyrimj0b/status/417843508666716160,False,,0,,,"34.97273,-105.032363,200mi",,,,,[],,,,
417810319147167744,417810319147167744,2013-12-30 19:11:57 EST,2013-12-30,19:11:57,-0400,383818003,krystalhdez,krystall,"{'type': 'Point', 'coordinates': [36.5017284, -101.7863909]}","On the bright side, I now know he will go buy me Mcdonald's when im mad :)",en,[],[],[],0,0,0,[],[],https://twitter.com/KrystalHdez/status/417810319147167744,False,,0,,,"34.97273,-105.032363,200mi",,,,,[],,,,
417808874385584128,417805667940847616,2013-12-30 19:06:12 EST,2013-12-30,19:06:12,-0400,865025240,chhhrissstineee,Christine.,"{'type': 'Point', 'coordinates': [35.20808902, -106.6547214]}",@pizza_queen It's a lot to explain.,en,[],[],[],0,0,0,[],[],https://twitter.com/chhhrissstineee/status/417808874385584128,False,,0,,,"34.97273,-105.032363,200mi",,,,,[],,,,
417545105617068034,417545105617068034,2013-12-30 01:38:05 EST,2013-12-30,01:38:05,-0400,412054379,knnyblnknshp,Greg the üêê,"{'type': 'Point', 'coordinates': [33.6071223, -101.8978428]}",Taco bell or ramen? #askTwitter,en,[],[],[],2,0,2,['asktwitter'],[],https://twitter.com/KnnyBlnknshp/status/417545105617068034,False,,0,,,"34.97273,-105.032363,200mi",,,,,[],,,,
417538036143255552,417538036143255552,2013-12-30 01:09:59 EST,2013-12-30,01:09:59,-0400,37600477,tannersdrake,Tanner Drake,"{'type': 'Point', 'coordinates': [33.40860705, -102.13203102]}",Sum up happiness in one word...pizza.,en,[],[],[],0,3,0,[],[],https://twitter.com/tannersdrake/status/417538036143255552,False,,0,,,"34.97273,-105.032363,200mi",,,,,[],,,,
417500870780022787,417500870780022787,2013-12-29 22:42:19 EST,2013-12-29,22:42:19,-0400,1616947488,alaniz_maritza,maritzaüéô,"{'type': 'Point', 'coordinates': [33.1784132, -101.5256617]}",If someone could bring me McDonald's i'd love you forever. Thank you.,en,[],[],[],1,1,0,[],[],https://twitter.com/alaniz_maritza/status/417500870780022787,False,,0,,,"34.97273,-105.032363,200mi",,,,,[],,,,
417497483439124480,417497483439124480,2013-12-29 22:28:51 EST,2013-12-29,22:28:51,-0400,221632818,torrinbixler2,Torrin Bixler,"{'type': 'Point', 'coordinates': [35.16125613, -101.90002447]}",Taco Bell should sell Baja Blast,en,[],[],[],0,0,1,[],[],https://twitter.com/TorrinBixler2/status/417497483439124480,False,,0,,,"34.97273,-105.032363,200mi",,,,,[],,,,
417497208876187648,417497208876187648,2013-12-29 22:27:45 EST,2013-12-29,22:27:45,-0400,578308482,criselderr,Criseldaaaü§üüèºüß°,"{'type': 'Point', 'coordinates': [34.53909618, -101.76678807]}",S/O to dorritos being the best chips ever. Lol,en,[],[],[],0,0,1,[],[],https://twitter.com/Criselderr/status/417497208876187648,False,,0,,,"34.97273,-105.032363,200mi",,,,,[],,,,
417480035834933248,417480035834933248,2013-12-29 21:19:31 EST,2013-12-29,21:19:31,-0400,391151936,brittaney_rene,Brittaney Rene' ‚Ä†,"{'type': 'Point', 'coordinates': [33.5461921, -101.9186827]}","You can never go wrong with Guy Court, Tosh.O, &amp; a Domino's pasta bowl.ÓÑÜÓÑÜ",en,[],[],[],0,0,0,[],[],https://twitter.com/brittaney_rene/status/417480035834933248,False,,0,,,"34.97273,-105.032363,200mi",,,,,[],,,,
417449658739589120,417449658739589120,2013-12-29 19:18:49 EST,2013-12-29,19:18:49,-0400,1908883118,sapon14xivx4,sapo loco,"{'type': 'Point', 'coordinates': [36.02508312, -106.06712829]}",Whopper fries coke (at @BurgerKing)  http://t.co/PcIbciPL7c,en,"[{'screen_name': 'burgerking', 'name': 'burger king', 'id': '167421802'}]",['http://4sq.com/Kfhkgw'],[],0,0,1,[],[],https://twitter.com/sapon14xivx4/status/417449658739589120,False,,0,,,"34.97273,-105.032363,200mi",,,,,[],,,,
417260806376394752,417260806376394752,2013-12-29 06:48:23 EST,2013-12-29,06:48:23,-0400,620337137,sbcalbuquerque,Albuquerque Deals,"{'type': 'Point', 'coordinates': [35.1813, -106.593]}",$4.00 for $10.00 Gift Certificate from Burger Rush  http://t.co/nHkDiLor6T,en,[],['http://bit.ly/NuvF98'],[],0,0,0,[],[],https://twitter.com/SBCAlbuquerque/status/417260806376394752,False,,0,,,"34.97273,-105.032363,200mi",,,,,[],,,,
417227042976202752,417227042976202752,2013-12-29 04:34:13 EST,2013-12-29,04:34:13,-0400,1021116175,ahhlee_berry,ùñÜùñëùñé,"{'type': 'Point', 'coordinates': [33.6638622, -101.6837069]}","Not the Pizza, the game.",en,[],[],[],0,0,0,[],[],https://twitter.com/ahhlee_berry/status/417227042976202752,False,,0,,,"34.97273,-105.032363,200mi",,,,,[],,,,
417210202908155904,417210202908155904,2013-12-29 03:27:18 EST,2013-12-29,03:27:18,-0400,336042839,endofdays24,Travis,"{'type': 'Point', 'coordinates': [37.47238626, -105.86415427]}",Tostinos frozen pizza for the win.,en,[],[],[],0,0,1,[],[],https://twitter.com/Endofdays24/status/417210202908155904,False,,0,,,"34.97273,-105.032363,200mi",,,,,[],,,,
417200094559993856,417200094559993856,2013-12-29 02:47:08 EST,2013-12-29,02:47:08,-0400,865025240,chhhrissstineee,Christine.,"{'type': 'Point', 'coordinates': [35.25611433, -106.69332357]}",I love @pizza_queen's tweets when she's drinking.,en,"[{'screen_name': 'pizza_queen', 'name': 'üçï queen of pizza üçï', 'id': '1345156448142172161'}]",[],[],1,0,2,[],[],https://twitter.com/chhhrissstineee/status/417200094559993856,False,,0,,,"34.97273,-105.032363,200mi",,,,,[],,,,
417198165042155520,417198165042155520,2013-12-29 02:39:28 EST,2013-12-29,02:39:28,-0400,58654290,sizzlingfajitas,Lonnie K,"{'type': 'Point', 'coordinates': [35.0903, -106.711]}",Something Hoppy This Way Comes... - Drinking a Hop Hugger @ Route 66 Donut &amp; Bagel Express -  http://t.co/fVKGCQ5tng #photo,en,[],['http://untp.it/KdqsCl'],[],0,0,0,['photo'],[],https://twitter.com/SizzlingFajitas/status/417198165042155520,False,,0,,,"34.97273,-105.032363,200mi",,,,,[],,,,
417191542000873472,417191542000873472,2013-12-29 02:13:09 EST,2013-12-29,02:13:09,-0400,59272402,badgerboy99,J. Alan Poncho,"{'type': 'Point', 'coordinates': [32.3120785, -106.80036]}","I laughed when I heard the following today: ""so ur with my ex now? I'm eating a burger now, you want more leftovers?"" All in a days work...",en,[],[],[],0,0,0,[],[],https://twitter.com/Badgerboy99/status/417191542000873472,False,,0,,,"34.97273,-105.032363,200mi",,,,,[],,,,
417159250809331712,417159250809331712,2013-12-29 00:04:50 EST,2013-12-29,00:04:50,-0400,506515902,pablofiasco89,Pablo,"{'type': 'Point', 'coordinates': [36.75941785, -108.05768087]}",Still think it's a little funny he's endorsed by Burger King. Haha,en,[],[],[],0,0,0,[],[],https://twitter.com/PabloFiasco89/status/417159250809331712,False,,0,,,"34.97273,-105.032363,200mi",,,,,[],,,,
417142800048599040,417136925481246720,2013-12-28 22:59:28 EST,2013-12-28,22:59:28,-0400,228911001,spaced_out84,Ryan,"{'type': 'Point', 'coordinates': [35.1028252, -106.5221863]}","@davezorn72 here's a pic via a writer on here from a month ago dude,you could fit that whole crowd in a taco bell  http://t.co/GZFJc1nDVk",en,[],[],['https://pbs.twimg.com/media/Bcn9KpVCMAEYVIK.png'],1,0,0,[],[],https://twitter.com/spaced_out84/status/417142800048599040,False,,1,https://pbs.twimg.com/media/Bcn9KpVCMAEYVIK.png,,"34.97273,-105.032363,200mi",,,,,[],,,,
417128814490034177,417128814490034177,2013-12-28 22:03:53 EST,2013-12-28,22:03:53,-0400,1417184029,vinchescu,‚òÜvince‚òÜ,"{'type': 'Point', 'coordinates': [35.11193786, -106.70391611]}",Going to godfathers pizza,en,[],[],[],0,0,0,[],[],https://twitter.com/vinchescu/status/417128814490034177,False,,0,,,"34.97273,-105.032363,200mi",,,,,[],,,,
417108165142917121,417108165142917121,2013-12-28 20:41:50 EST,2013-12-28,20:41:50,-0400,379242488,karlathekyd,karla üé¥,"{'type': 'Point', 'coordinates': [35.0635101, -106.6966515]}",I was going to get chips üò≠,en,[],[],[],0,0,0,[],[],https://twitter.com/karlathekyd/status/417108165142917121,False,,0,,,"34.97273,-105.032363,200mi",,,,,[],,,,
417101740995923968,417101740995923968,2013-12-28 20:16:19 EST,2013-12-28,20:16:19,-0400,2206181922,bee_markie,Markie ü¶ñ,"{'type': 'Point', 'coordinates': [34.0741707, -106.9040034]}","Pretty chilly night, just staying home with my cuddle buddy and eating some pizza",en,[],[],[],0,0,0,[],[],https://twitter.com/bee_markie/status/417101740995923968,False,,0,,,"34.97273,-105.032363,200mi",,,,,[],,,,
417095322775478272,417095322775478272,2013-12-28 19:50:48 EST,2013-12-28,19:50:48,-0400,379242488,karlathekyd,karla üé¥,"{'type': 'Point', 'coordinates': [35.0635101, -106.6966515]}",I'm seriously about to go to the store just for chips,en,[],[],[],0,0,0,[],[],https://twitter.com/karlathekyd/status/417095322775478272,False,,0,,,"34.97273,-105.032363,200mi",,,,,[],,,,
417045175769509888,417045175769509888,2013-12-28 16:31:32 EST,2013-12-28,16:31:32,-0400,1296677215,wayne_boss23,BOSS ,"{'type': 'Point', 'coordinates': [32.95070146, -103.37482243]}",This BBQ chips are going hard!,en,[],[],[],0,0,0,[],[],https://twitter.com/Wayne_Boss23/status/417045175769509888,False,,0,,,"34.97273,-105.032363,200mi",,,,,[],,,,
417043208427020288,417043208427020288,2013-12-28 16:23:43 EST,2013-12-28,16:23:43,-0400,15443907,darbtx,darbtx,"{'type': 'Point', 'coordinates': [35.59314968, -105.22468512]}",Pretty damn tasty (@ Jc's New York Pizza)  http://t.co/yNY1wWGYlI,en,[],['http://4sq.com/1fQBRT6'],[],0,0,0,[],[],https://twitter.com/darbtx/status/417043208427020288,False,,0,,,"34.97273,-105.032363,200mi",,,,,[],,,,
417038242714636288,417038242714636288,2013-12-28 16:03:59 EST,2013-12-28,16:03:59,-0400,392997890,kissa_93,ItsMoFuckinKissa‚ú®,"{'type': 'Point', 'coordinates': [34.24303624, -106.91281764]}","""@pizzaminati: TODAY IS NATIONAL BUY A GIRL YOU LIKE PIZZA AND THEN TOUCH HER BUTT DAY RETWEET TO RAISE AWARENESS""‚Äù",en,"[{'screen_name': 'pizzaminati', 'name': 'üçï', 'id': '1306111422'}]",[],[],0,2,1,[],[],https://twitter.com/kissa_93/status/417038242714636288,False,,0,,,"34.97273,-105.032363,200mi",,,,,[],,,,
417032505598803968,417032131424948227,2013-12-28 15:41:12 EST,2013-12-28,15:41:12,-0400,505433526,senatothesophia,Sophia Sena,"{'type': 'Point', 'coordinates': [35.238214, -106.69489007]}",‚Äú@xkaxylax: the new Wendy's is open hallelujah‚Äù best news of my life,en,[],[],[],0,0,0,[],[],https://twitter.com/senatothesophia/status/417032505598803968,False,,0,,,"34.97273,-105.032363,200mi",,,,,[],,,,
417012617144569857,417012617144569857,2013-12-28 14:22:10 EST,2013-12-28,14:22:10,-0400,1240642646,emily_marrissa,Emüíú,"{'type': 'Point', 'coordinates': [33.59055, -102.36754]}",Llah @JacobFTB big ahh really re-tweeted them fries üòÇüòÇ,en,"[{'screen_name': 'jacobftb', 'name': 'jacob young', 'id': '1328328146308001792'}]",[],[],0,0,0,[],[],https://twitter.com/emily_marrissa/status/417012617144569857,False,,0,,,"34.97273,-105.032363,200mi",,,,,[],,,,
417002537896525824,417002537896525824,2013-12-28 13:42:07 EST,2013-12-28,13:42:07,-0400,900518809,charlatan505,Specter,"{'type': 'Point', 'coordinates': [35.12822953, -106.49819657]}",Do you ever wonder why sour cream and onion chips taste nothing like sour cream or onions. #weird,en,[],[],[],0,0,0,['weird'],[],https://twitter.com/Charlatan505/status/417002537896525824,False,,0,,,"34.97273,-105.032363,200mi",,,,,[],,,,
416978828448116736,416978828448116736,2013-12-28 12:07:54 EST,2013-12-28,12:07:54,-0400,192680049,m1lesrogers,Miles Rogers,"{'type': 'Point', 'coordinates': [33.58872401, -101.86948199]}",Craving taco pizza right now,en,[],[],[],0,0,0,[],[],https://twitter.com/M1LesRogers/status/416978828448116736,False,,0,,,"34.97273,-105.032363,200mi",,,,,[],,,,
416860385589747714,416858393240813569,2013-12-28 04:17:15 EST,2013-12-28,04:17:15,-0400,47024528,brizzyd21,Brizzy D,"{'type': 'Point', 'coordinates': [35.14728874, -106.69324832]}",‚Äú@KristennJade: a pizza place should be open 24 hours‚Äù that's what I'm saying,en,"[{'screen_name': 'kristennjade', 'name': 'ùîéùî•ùîûùî©ùî¢ùî¢ùî∞ùî¶', 'id': '131882366'}]",[],[],0,0,0,[],[],https://twitter.com/Brizzyd21/status/416860385589747714,False,,0,,,"34.97273,-105.032363,200mi",,,,,[],,,,
416850704154652672,416849415010127872,2013-12-28 03:38:47 EST,2013-12-28,03:38:47,-0400,950553505,cerda_jacob,Jacob De La Cerda,"{'type': 'Point', 'coordinates': [32.3942451, -104.20510593]}",@infamousa7x fool I was sone Taco Bell with sour cream,en,[],[],[],1,0,0,[],[],https://twitter.com/cerda_jacob/status/416850704154652672,False,,0,,,"34.97273,-105.032363,200mi",,,,,[],,,,
416831946015002624,416830157094002688,2013-12-28 02:24:14 EST,2013-12-28,02:24:14,-0400,551443450,camz1lla,MC_Thunder,"{'type': 'Point', 'coordinates': [35.03624006, -107.40971365]}",@PKeyope I have gift cards for iTunes lol are you ? This lil guy tryna buy a sonic burger with a iTunes gift card,en,[],[],[],2,0,0,[],[],https://twitter.com/CAMZ1LLA/status/416831946015002624,False,,0,,,"34.97273,-105.032363,200mi",,,,,[],,,,
416830783941140481,416830157094002688,2013-12-28 02:19:37 EST,2013-12-28,02:19:37,-0400,551443450,camz1lla,MC_Thunder,"{'type': 'Point', 'coordinates': [35.03613253, -107.4080822]}",@PKeyope you can't buy a sonic burger with an iTunes gift card Keyope.. (/_-),en,[],[],[],1,0,0,[],[],https://twitter.com/CAMZ1LLA/status/416830783941140481,False,,0,,,"34.97273,-105.032363,200mi",,,,,[],,,,
416815495434620928,416815495434620928,2013-12-28 01:18:52 EST,2013-12-28,01:18:52,-0400,52290380,keegstew,Keegan Stewart,"{'type': 'Point', 'coordinates': [33.44076414, -104.52211504]}",Finished a whole pizza... The homies ain't competing . @O_Ware1 @COXXIE24 @24_rael,en,"[{'screen_name': 'o_ware1', 'name': 'od.ware', 'id': '1181338904'}, {'screen_name': 'coxxie24', 'name': 'jacob willcox', 'id': '1473090510'}]",[],[],1,0,0,[],[],https://twitter.com/KeegStew/status/416815495434620928,False,,0,,,"34.97273,-105.032363,200mi",,,,,[],,,,
416805358636503040,416797954544906240,2013-12-28 00:38:36 EST,2013-12-28,00:38:36,-0400,383818003,krystalhdez,krystall,"{'type': 'Point', 'coordinates': [36.5017281, -101.78639]}",@miss_salma_22 Pshhhh lol and the real mexican tacos! Not those taco bell kind!,en,[],[],[],1,0,0,[],[],https://twitter.com/KrystalHdez/status/416805358636503040,False,,0,,,"34.97273,-105.032363,200mi",,,,,[],,,,
416787083995643904,416787083995643904,2013-12-27 23:25:59 EST,2013-12-27,23:25:59,-0400,93997173,canoecanoa,real cat mom shit‚Ñ¢ ‚ú®üßöüèº‚Äç‚ôÄÔ∏èüåªüìî‚òïÔ∏è,"{'type': 'Point', 'coordinates': [35.53428869, -108.76279082]}",why not? (@ Big Cheese Pizza)  http://t.co/hAxnFnpKwK,en,[],['http://4sq.com/1fOy6O9'],[],0,0,0,[],[],https://twitter.com/canoecanoa/status/416787083995643904,False,,0,,,"34.97273,-105.032363,200mi",,,,,[],,,,
416749291898564608,416749291898564608,2013-12-27 20:55:48 EST,2013-12-27,20:55:48,-0400,176700744,procyonir,Procyon,"{'type': 'Point', 'coordinates': [35.0918116, -106.7414894]}",Green chile pizza,en,[],[],[],0,0,0,[],[],https://twitter.com/procyonir/status/416749291898564608,False,,0,,,"34.97273,-105.032363,200mi",,,,,[],,,,
416703747465568256,416698011188609024,2013-12-27 17:54:50 EST,2013-12-27,17:54:50,-0400,865025240,chhhrissstineee,Christine.,"{'type': 'Point', 'coordinates': [35.20874165, -106.65496861]}",@pizza_queen Yeah I'm currently in an eternal financial black pit of hellfire &amp; despair. Soooo.,en,[],[],[],0,0,0,[],[],https://twitter.com/chhhrissstineee/status/416703747465568256,False,,0,,,"34.97273,-105.032363,200mi",,,,,[],,,,
416666221077995520,416666221077995520,2013-12-27 15:25:43 EST,2013-12-27,15:25:43,-0400,1724201474,ayyyetayyy3,Tayy Dee ,"{'type': 'Point', 'coordinates': [33.54279776, -101.89440449]}","Been Cleaning All Day , Eating Pizza Then Going To Get My Ring Sized .",en,[],[],[],0,0,0,[],[],https://twitter.com/AyyyeTayyy3/status/416666221077995520,False,,0,,,"34.97273,-105.032363,200mi",,,,,[],,,,
416659354557767680,416631146030858240,2013-12-27 14:58:25 EST,2013-12-27,14:58:25,-0400,1135577268,_andidandy,Andi White,"{'type': 'Point', 'coordinates': [32.32921322, -106.74322346]}",‚Äú@MensHumor: Pizza is my spirit animal.‚Äù @alyssapazzy #epgm,en,"[{'screen_name': 'menshumor', 'name': ""men's humor"", 'id': '355741893'}, {'screen_name': 'alyssapazzy', 'name': 'alyssa paz', 'id': '597080282'}]",[],[],1,0,0,['epgm'],[],https://twitter.com/_andidandy/status/416659354557767680,False,,0,,,"34.97273,-105.032363,200mi",,,,,[],,,,
416529087427911680,416529087427911680,2013-12-27 06:20:47 EST,2013-12-27,06:20:47,-0400,620337137,sbcalbuquerque,Albuquerque Deals,"{'type': 'Point', 'coordinates': [35.1813, -106.593]}",$4.00 for $10.00 Gift Certificate from Burger Rush  http://t.co/nHkDiLor6T,en,[],['http://bit.ly/NuvF98'],[],0,0,0,[],[],https://twitter.com/SBCAlbuquerque/status/416529087427911680,False,,0,,,"34.97273,-105.032363,200mi",,,,,[],,,,
416474538902179840,416474538902179840,2013-12-27 02:44:02 EST,2013-12-27,02:44:02,-0400,1668529140,tsprincesst3,Tiara Leanne,"{'type': 'Point', 'coordinates': [37.22782053, -107.58932286]}",All I ate today was pizza rolls. #starving,en,[],[],[],0,0,0,['starving'],[],https://twitter.com/tsprincesst3/status/416474538902179840,False,,0,,,"34.97273,-105.032363,200mi",,,,,[],,,,
416450441681969152,416450441681969152,2013-12-27 01:08:17 EST,2013-12-27,01:08:17,-0400,377811044,cnava33,WEEZ,"{'type': 'Point', 'coordinates': [33.36287648, -104.53349138]}",@stevenwhornik that's what cold pizza taste like to me!!  http://t.co/Hzn95v5HQs,en,[],[],['https://pbs.twimg.com/media/BcdBfVcIcAAwnBZ.jpg'],1,0,1,[],[],https://twitter.com/CNava33/status/416450441681969152,False,,1,https://pbs.twimg.com/media/BcdBfVcIcAAwnBZ.jpg,,"34.97273,-105.032363,200mi",,,,,[],,,,
416445834457149440,416445834457149440,2013-12-27 00:49:58 EST,2013-12-27,00:49:58,-0400,750194054,jlmrivera,Ja√© Carter,"{'type': 'Point', 'coordinates': [35.07860334, -106.49406105]}","Just bought 20 Chicken Nuggets, a Big Mac, and fries. All for myself. I regret nothing.",en,[],[],[],1,0,2,[],[],https://twitter.com/jlmrivera/status/416445834457149440,False,,0,,,"34.97273,-105.032363,200mi",,,,,[],,,,
416418869205401600,416418869205401600,2013-12-26 23:02:49 EST,2013-12-26,23:02:49,-0400,65756233,canigetalick_,«ù·¥âl é û Ä·¥á…¥·¥Ä·¥áü§ç,"{'type': 'Point', 'coordinates': [35.13715274, -106.52550313]}",finally got pizza üëåüòçüçïüíú,en,[],[],[],0,0,1,[],[],https://twitter.com/CANiGETaLICK_/status/416418869205401600,False,,0,,,"34.97273,-105.032363,200mi",,,,,[],,,,
416414840207310848,416414840207310848,2013-12-26 22:46:49 EST,2013-12-26,22:46:49,-0400,50202255,notaustralyan,Austin Myers,"{'type': 'Point', 'coordinates': [35.13714343, -101.90871808]}","Everyone is getting engaged, having babies, or graduating and I'm just like what toppings should I get on my pizza.",en,[],[],[],1,0,1,[],[],https://twitter.com/notaustralyan/status/416414840207310848,False,,0,,,"34.97273,-105.032363,200mi",,,,,[],,,,
416410487266361344,416409693213310977,2013-12-26 22:29:31 EST,2013-12-26,22:29:31,-0400,633836158,sim54gar,EL JEFE',"{'type': 'Point', 'coordinates': [35.19662722, -106.70844863]}","@CAL1FORNIA_BEAR I think a lot of it has to do,  Nobody wants to be their own parents, I got spanked , Nowadays They get a donut 4 being bad",en,[],[],[],0,0,0,[],[],https://twitter.com/sim54gar/status/416410487266361344,False,,0,,,"34.97273,-105.032363,200mi",,,,,[],,,,
416407252023537664,416407252023537664,2013-12-26 22:16:40 EST,2013-12-26,22:16:40,-0400,228837952,jcristan_drums,Johnathan Cristan,"{'type': 'Point', 'coordinates': [33.90185599, -102.32775257]}",I'm not the only one that puts hot sauce on my pizza am I? #Mexicanprobz,en,[],[],[],0,2,1,['mexicanprobz'],[],https://twitter.com/jcristan_drums/status/416407252023537664,False,,0,,,"34.97273,-105.032363,200mi",,,,,[],,,,
416392962579251200,416392962579251200,2013-12-26 21:19:53 EST,2013-12-26,21:19:53,-0400,37296473,ashleecouture,Ashlea Marie,"{'type': 'Point', 'coordinates': [36.7087465, -107.9916294]}",Wish my daddy a Happy 56th Birthday! We havin a pizza party and ice cream cake!,en,[],[],[],0,0,0,[],[],https://twitter.com/ashleecouture/status/416392962579251200,False,,0,,,"34.97273,-105.032363,200mi",,,,,[],,,,
416391862782402563,416391862782402563,2013-12-26 21:15:30 EST,2013-12-26,21:15:30,-0400,103113236,_cameronr,Cameron Rosales,"{'type': 'Point', 'coordinates': [32.276131, -106.7710087]}","RMFT ""@PlatinumDreyyy: If I could afford snowboarding believe me I'm sure I'd be all over it and a bag of chips.""",en,"[{'screen_name': 'platinumdreyyy', 'name': '–∏–Ω–Ω–∞ edwards', 'id': '2901473520'}]",[],[],0,0,1,[],[],https://twitter.com/_CameronR/status/416391862782402563,False,,0,,,"34.97273,-105.032363,200mi",,,,,[],,,,
416388854153637888,416388854153637888,2013-12-26 21:03:33 EST,2013-12-26,21:03:33,-0400,1090523083,ooolunaa,rice.,"{'type': 'Point', 'coordinates': [35.0802623, -106.6250091]}",Mmmmmmm pink donut &lt;3333,en,[],[],[],0,0,0,[],[],https://twitter.com/OooLunaa/status/416388854153637888,False,,0,,,"34.97273,-105.032363,200mi",,,,,[],,,,
416339071741329408,416339071741329408,2013-12-26 17:45:44 EST,2013-12-26,17:45:44,-0400,991422330,6m2000__,|404kleener|,"{'type': 'Point', 'coordinates': [35.65246412, -105.96378671]}","Highschool party senior year, girls and boys are all sippin on beer. I like soda where's the soda?",en,[],[],[],1,0,6,[],[],https://twitter.com/6m2000__/status/416339071741329408,False,,0,,,"34.97273,-105.032363,200mi",,,,,[],,,,
416312975646261248,416312975646261248,2013-12-26 16:02:02 EST,2013-12-26,16:02:02,-0400,1908883118,sapon14xivx4,sapo loco,"{'type': 'Point', 'coordinates': [35.99848714, -106.06453741]}",2 mc doubles fries coke (at @McDonalds)  http://t.co/U2dlrytUb2,en,"[{'screen_name': 'mcdonalds', 'name': 'mcdonald‚Äôs‚Å∑', 'id': '71026122'}]",['http://4sq.com/JfIZxM'],[],0,0,0,[],[],https://twitter.com/sapon14xivx4/status/416312975646261248,False,,0,,,"34.97273,-105.032363,200mi",,,,,[],,,,
416312097895895040,416312097895895040,2013-12-26 15:58:33 EST,2013-12-26,15:58:33,-0400,1016749140,ms_ninaholland,Nina Holland,"{'type': 'Point', 'coordinates': [35.68230739, -105.92622821]}",Pablano burger ftw. #santafe #thecompound @ The Compound  http://t.co/SOz3bXcPyJ,en,[],['http://instagram.com/p/iZisCAx1fQ/'],[],0,0,0,"['santafe', 'thecompound']",[],https://twitter.com/ms_ninaholland/status/416312097895895040,False,,0,,,"34.97273,-105.032363,200mi",,,,,[],,,,
416254502988034048,416254502988034048,2013-12-26 12:09:41 EST,2013-12-26,12:09:41,-0400,778337340,judithglz10,Judith Gonzalez,"{'type': 'Point', 'coordinates': [33.44968158, -104.52419183]}",Oh you know just the usual..  An alien chillan outside KFCüëΩüòÇ  http://t.co/51gDT3glbn,en,[],[],['https://pbs.twimg.com/media/BcbVQ9FCEAEnk9i.jpg'],0,0,7,[],[],https://twitter.com/judithGlz10/status/416254502988034048,False,,1,https://pbs.twimg.com/media/BcbVQ9FCEAEnk9i.jpg,,"34.97273,-105.032363,200mi",,,,,[],,,,
416227591532449792,416227591532449792,2013-12-26 10:22:45 EST,2013-12-26,10:22:45,-0400,259456297,highdesertwater,High Desert Water,"{'type': 'Point', 'coordinates': [32.9187299, -105.9455101]}","Teach your children that soda is an occasional treat, not an everyday drink  http://t.co/kGbSpK56PR",en,[],['http://www.everydayhealth.com/photogallery/reasons-to-kick-your-soda-habit.aspx?xid=tw_everydayhealth_sf#/slide-8'],[],0,0,0,[],[],https://twitter.com/HighDesertWater/status/416227591532449792,False,,0,,,"34.97273,-105.032363,200mi",,,,,[],,,,
416073828624646145,416045401108533248,2013-12-26 00:11:45 EST,2013-12-26,00:11:45,-0400,1665368366,stoopschris,Chris Stoops,"{'type': 'Point', 'coordinates': [33.52025929, -101.85924531]}",‚Äú@LifeAsBros: MERICA  http://t.co/PNSjH0ldVr‚Äù üòÇüòÇüòÇ #soda #NOTpop #getoutofherewiththat,es,"[{'screen_name': 'lifeasbros', 'name': 'life as bros', 'id': '552326182'}]",['https://twitter.com/LifeAsBros/status/416045401108533248/photo/1'],[],0,1,1,"['soda', 'notpop', 'getoutofherewiththat']",[],https://twitter.com/StoopsChris/status/416073828624646145,False,,0,,,"34.97273,-105.032363,200mi",,,,,[],,,,
416070771266428928,416070771266428928,2013-12-25 23:59:36 EST,2013-12-25,23:59:36,-0400,360201349,homegypsy,Marti Reed,"{'type': 'Point', 'coordinates': [35.06400386, -106.58986165]}",RT @SmithsonianMag: Why is Japan obsessed with Kentucky Fried Chicken on Christmas?  http://t.co/ZQMSBp2jYI,en,"[{'screen_name': 'smithsonianmag', 'name': 'smithsonian magazine', 'id': '17998609'}]",['http://ow.ly/s37j4'],[],0,0,0,[],[],https://twitter.com/homegypsy/status/416070771266428928,False,,0,,,"34.97273,-105.032363,200mi",,,,,[],,,,
416070373373788161,416070373373788161,2013-12-25 23:58:01 EST,2013-12-25,23:58:01,-0400,414477629,micahdai,M.,"{'type': 'Point', 'coordinates': [33.58818346, -101.95778383]}",Our donut tracks lol. Swear I thought we were gonna flip  http://t.co/YBEkNscp89,en,[],[],['https://pbs.twimg.com/media/BcYtzMPCQAAnTRk.jpg'],0,0,0,[],[],https://twitter.com/MicahDai/status/416070373373788161,False,,1,https://pbs.twimg.com/media/BcYtzMPCQAAnTRk.jpg,,"34.97273,-105.032363,200mi",,,,,[],,,,
416066227815981056,416066227815981056,2013-12-25 23:41:33 EST,2013-12-25,23:41:33,-0400,2202511548,_its_nana__,ECS‚ö°Ô∏è‚òÅÔ∏è,"{'type': 'Point', 'coordinates': [35.9985148, -106.0647448]}",McDonald's run and I think I'm right next to this stupid bitch. I think Haha.,en,[],[],[],0,0,0,[],[],https://twitter.com/_its_nana__/status/416066227815981056,False,,0,,,"34.97273,-105.032363,200mi",,,,,[],,,,
416055241281261568,416055241281261568,2013-12-25 22:57:54 EST,2013-12-25,22:57:54,-0400,1038577016,ivorystandard,Ivory Standard,"{'type': 'Point', 'coordinates': [32.94445038, -103.34863281]}","#retail #jobs Mystery Shopper -Restaurant / Retail / Customer Service: Shops include Fast Food, Casu...  http://t.co/krcFvQzKWz",en,[],['http://ivorystandard.com/JobAd.aspx?PostingID=1000006088'],[],0,0,0,"['retail', 'jobs']",[],https://twitter.com/IvoryStandard/status/416055241281261568,False,,0,,,"34.97273,-105.032363,200mi",,,,,[],,,,
416039238941954049,416022800323727360,2013-12-25 21:54:18 EST,2013-12-25,21:54:18,-0400,15892591,carriejacobs,Carrie Coppernoll,"{'type': 'Point', 'coordinates': [36.76617172, -108.18932127]}",@SomeCallMeE Just turned 4. She has basically been a can of shaken-up soda.,en,[],[],[],1,0,0,[],[],https://twitter.com/carriejacobs/status/416039238941954049,False,,0,,,"34.97273,-105.032363,200mi",,,,,[],,,,
415980164615380992,415980164615380992,2013-12-25 17:59:34 EST,2013-12-25,17:59:34,-0400,1108198940,curleee_2,curleyfries,"{'type': 'Point', 'coordinates': [35.08011537, -106.55394754]}",Haven't drank soda in a long time. Tastes better than before. üòå,en,[],[],[],0,0,0,[],[],https://twitter.com/curleee_2/status/415980164615380992,False,,0,,,"34.97273,-105.032363,200mi",,,,,[],,,,
415930566513422336,415930566513422336,2013-12-25 14:42:29 EST,2013-12-25,14:42:29,-0400,1258370042,hollywoodvill,ViLL,"{'type': 'Point', 'coordinates': [33.5507235, -101.84739464]}",Why why why would people want fast food on a day like this makes no damn sense,en,[],[],[],0,0,0,[],[],https://twitter.com/HollywoodViLL/status/415930566513422336,False,,0,,,"34.97273,-105.032363,200mi",,,,,[],,,,
415712277245853696,415712277245853696,2013-12-25 00:15:05 EST,2013-12-25,00:15:05,-0400,619431556,nicolle_ann4,nicole,"{'type': 'Point', 'coordinates': [36.6979877, -108.0545807]}","""@TheComedyJokes: I hate when you're eating chips and the ""crunching"" is louder than the T.V."" the struggle",en,"[{'screen_name': 'thecomedyjokes', 'name': 'pl', 'id': '3569895435'}]",[],[],0,0,1,[],[],https://twitter.com/Nicolle_ann4/status/415712277245853696,False,,0,,,"34.97273,-105.032363,200mi",,,,,[],,,,
415684916588736512,415684916588736512,2013-12-24 22:26:21 EST,2013-12-24,22:26:21,-0400,143311074,sunlightandair,Jen Lake,"{'type': 'Point', 'coordinates': [35.31496799, -106.72882183]}","Just tried @udisglutenfree pizza crust on a whim. It was so good, that homemade pizza is going to be our new Christmas Eve tradition.",en,"[{'screen_name': 'udisglutenfree', 'name': ""udi's gluten free"", 'id': '66892168'}]",[],[],0,0,2,[],[],https://twitter.com/sunlightandair/status/415684916588736512,False,,0,,,"34.97273,-105.032363,200mi",,,,,[],,,,
415676273919143936,415676273919143936,2013-12-24 21:52:01 EST,2013-12-24,21:52:01,-0400,325862777,iveyjanette_207,Ivey McClelland üò∑üò∑üò∑üò∑üò∑,"{'type': 'Point', 'coordinates': [35.0585333, -106.5762886]}","Eating fried chicken. Watching ""North America"" on Animal Planet. Like I said,absolutely NOTHING on TV worth watching!",en,[],[],[],0,0,0,[],[],https://twitter.com/iveyjanette_207/status/415676273919143936,False,,0,,,"34.97273,-105.032363,200mi",,,,,[],,,,
415638792398065666,415638792398065666,2013-12-24 19:23:04 EST,2013-12-24,19:23:04,-0400,325862777,iveyjanette_207,Ivey McClelland üò∑üò∑üò∑üò∑üò∑,"{'type': 'Point', 'coordinates': [35.0585481, -106.5762763]}","Time to cook Christmas Eve dinner...oven-fried chicken,mashed potatoes,gravy,salad. #Yum",en,[],[],[],0,0,0,['yum'],[],https://twitter.com/iveyjanette_207/status/415638792398065666,False,,0,,,"34.97273,-105.032363,200mi",,,,,[],,,,
415625994116923392,415625994116923392,2013-12-24 18:32:13 EST,2013-12-24,18:32:13,-0400,710991332,amxnda_,mandi ,"{'type': 'Point', 'coordinates': [35.0886507, -106.59093022]}",munching on some waffle fries from chic fila. üòç,en,[],[],[],0,1,0,[],[],https://twitter.com/amxnda_/status/415625994116923392,False,,0,,,"34.97273,-105.032363,200mi",,,,,[],,,,
415515362990379008,415365272451559424,2013-12-24 11:12:37 EST,2013-12-24,11:12:37,-0400,406735958,emilyprisk15,Emily Prisk Griffith,"{'type': 'Point', 'coordinates': [33.98842833, -101.34371508]}",‚Äú@FriendlyAssh0le: i want pizza.‚Äù  All day every dayüçïüôå,en,"[{'screen_name': 'friendlyassh0le', 'name': 'the friendly asshole', 'id': '788110982'}]",[],[],0,0,0,[],[],https://twitter.com/emilyprisk15/status/415515362990379008,False,,0,,,"34.97273,-105.032363,200mi",,,,,[],,,,
415373426904137728,415362254704365568,2013-12-24 01:48:36 EST,2013-12-24,01:48:36,-0400,375254322,kaitlyn_grace1,Kaitlyn Glass,"{'type': 'Point', 'coordinates': [35.17132339, -106.56462542]}",@timsaucedo_92 Taco Bell isn't even bad. Especially at night when you're really hungry,en,[],[],[],1,0,0,[],[],https://twitter.com/Kaitlyn_Grace1/status/415373426904137728,False,,0,,,"34.97273,-105.032363,200mi",,,,,[],,,,
415370827060629504,415362254704365568,2013-12-24 01:38:17 EST,2013-12-24,01:38:17,-0400,375254322,kaitlyn_grace1,Kaitlyn Glass,"{'type': 'Point', 'coordinates': [35.17130272, -106.56462575]}",@timsaucedo_92 Taco Bell...,en,[],[],[],1,0,0,[],[],https://twitter.com/Kaitlyn_Grace1/status/415370827060629504,False,,0,,,"34.97273,-105.032363,200mi",,,,,[],,,,
415360800505606144,415360800505606144,2013-12-24 00:58:26 EST,2013-12-24,00:58:26,-0400,148950050,jarridking,Jarrid Cameron King,"{'type': 'Point', 'coordinates': [35.66889386, -105.91891143]}","""Who would win in a fight between the three Doritos Locos Tacos at Taco Bell?""  Someone teach me how to flirt. #NoGame #StopJarrid2014 üòÇüòÇüòÇ",en,[],[],[],0,0,0,"['nogame', 'stopjarrid2014']",[],https://twitter.com/JarridKing/status/415360800505606144,False,,0,,,"34.97273,-105.032363,200mi",,,,,[],,,,
415334785574125568,415334785574125568,2013-12-23 23:15:04 EST,2013-12-23,23:15:04,-0400,1541820938,britann_darnell,britt,"{'type': 'Point', 'coordinates': [35.54237872, -100.9714323]}",Hi my brother gets me free food from Taco Bell since I pick him up so be jealous,en,[],[],[],0,0,3,[],[],https://twitter.com/britann_darnell/status/415334785574125568,False,,0,,,"34.97273,-105.032363,200mi",,,,,[],,,,
415299461233905665,415299461233905665,2013-12-23 20:54:42 EST,2013-12-23,20:54:42,-0400,1727494794,marissa_baca1,maris‚ú®,"{'type': 'Point', 'coordinates': [36.49389125, -106.42664312]}","Marrisa: can I have some chips?  Me: mmm, how about you can suck my dick?!üòè Marrisa: Okay!  Me: wait, what?!üò≥üòÇ  @Marri_C_1D memberrrrr? üòÇ",en,[],[],[],0,0,0,[],[],https://twitter.com/marissa_baca1/status/415299461233905665,False,,0,,,"34.97273,-105.032363,200mi",,,,,[],,,,
415287330346254336,415287330346254336,2013-12-23 20:06:29 EST,2013-12-23,20:06:29,-0400,728393814,dreadbussa34,DREAD-HEAD,"{'type': 'Point', 'coordinates': [35.11521048, -106.64776356]}",Niggas goin CRAY over Pizza Hut üòÇ,en,[],[],[],0,0,0,[],[],https://twitter.com/Dreadbussa34/status/415287330346254336,False,,0,,,"34.97273,-105.032363,200mi",,,,,[],,,,
415277556909084672,415277556909084672,2013-12-23 19:27:39 EST,2013-12-23,19:27:39,-0400,228911001,spaced_out84,Ryan,"{'type': 'Point', 'coordinates': [35.1027891, -106.5222166]}","God my stomach hurts, shouldn't of had that Taco bell",en,[],[],[],0,0,0,[],[],https://twitter.com/spaced_out84/status/415277556909084672,False,,0,,,"34.97273,-105.032363,200mi",,,,,[],,,,
415227473467437056,415227473467437056,2013-12-23 16:08:38 EST,2013-12-23,16:08:38,-0400,1268875740,miasmathes,Mia S. Mathes,"{'type': 'Point', 'coordinates': [33.52312502, -101.88431075]}",Bout to grub on some Popeyes. Thinking about @MoeFoMe cause I know you laawwvvv this place:),en,"[{'screen_name': 'moefome', 'name': 'morgan ashley', 'id': '3431540104'}]",[],[],1,0,2,[],[],https://twitter.com/MiaSMathes/status/415227473467437056,False,,0,,,"34.97273,-105.032363,200mi",,,,,[],,,,
415208056692023296,415208056692023296,2013-12-23 14:51:29 EST,2013-12-23,14:51:29,-0400,32331166,dirtyday,Dayana,"{'type': 'Point', 'coordinates': [32.3112113, -106.74396714]}",These girls I'm behind in line üòÇüòÇ  Girl 1: I want chicken nuggets.  Girl 2: They're like deep fried. No.  Girl 1: chicken is protein stfu.,en,[],[],[],0,0,1,[],[],https://twitter.com/dirtyday/status/415208056692023296,False,,0,,,"34.97273,-105.032363,200mi",,,,,[],,,,
415162613681516544,415162613681516544,2013-12-23 11:50:55 EST,2013-12-23,11:50:55,-0400,1194811980,maadisol,madie,"{'type': 'Point', 'coordinates': [34.6484583, -106.7828827]}",My favorite part of a pizza is the crust.,en,[],[],[],0,0,0,[],[],https://twitter.com/maadisol/status/415162613681516544,False,,0,,,"34.97273,-105.032363,200mi",,,,,[],,,,
415062726876991488,415062726876991488,2013-12-23 05:14:00 EST,2013-12-23,05:14:00,-0400,532368562,skylar_jewett,Skylar Jewett,"{'type': 'Point', 'coordinates': [35.64032498, -101.5986435]}",Im tossing dough in Vegas like I'm Peyton Manning at Papa John's. @leviasblaize,en,"[{'screen_name': 'leviasblaize', 'name': 'levias stewart', 'id': '1669952294'}]",[],[],0,1,1,[],[],https://twitter.com/Skylar_Jewett/status/415062726876991488,False,,0,,,"34.97273,-105.032363,200mi",,,,,[],,,,
415000395182661633,415000395182661633,2013-12-23 01:06:19 EST,2013-12-23,01:06:19,-0400,633576414,stevierjones,Stevie Jones,"{'type': 'Point', 'coordinates': [34.97690976, -101.91486002]}",I think @JaymeeSchafer's judging me. she quit snapchatting me after I told her I'm eating mini chocolate chips from the bag &amp; Pinteresting.üíÅ,en,[],[],[],1,0,0,[],[],https://twitter.com/stevierjones/status/415000395182661633,False,,0,,,"34.97273,-105.032363,200mi",,,,,[],,,,
414988958108360704,414988958108360704,2013-12-23 00:20:52 EST,2013-12-23,00:20:52,-0400,861858708,ninaslimshady_,ninaa,"{'type': 'Point', 'coordinates': [36.7329417, -108.4248523]}","you know what sounds perfect right now, fries &amp; sweet tea from McDonalds üëå",en,[],[],[],0,0,0,[],[],https://twitter.com/ninaslimshady_/status/414988958108360704,False,,0,,,"34.97273,-105.032363,200mi",,,,,[],,,,
414927652454014976,414870116258422784,2013-12-22 20:17:15 EST,2013-12-22,20:17:15,-0400,456434082,whoiskhaos,KHAOS,"{'type': 'Point', 'coordinates': [35.15142105, -101.91797436]}","@paigec00k No junk food, protein shake &amp; an intense workout. But ‚úîÔ∏è‚úîÔ∏è‚úîÔ∏è to Home Alone.",en,[],[],[],0,0,0,[],[],https://twitter.com/whoiskhaos/status/414927652454014976,False,,0,,,"34.97273,-105.032363,200mi",,,,,[],,,,
414897040229822464,414832248622284800,2013-12-22 18:15:37 EST,2013-12-22,18:15:37,-0400,1090523083,ooolunaa,rice.,"{'type': 'Point', 'coordinates': [35.0519439, -106.7273717]}",@keeeks_p see ! Haha so jeesss wins(x and shoot yourself. It beats every krispy kreme donut EXCEPT the maple one.,en,[],[],[],0,0,0,[],[],https://twitter.com/OooLunaa/status/414897040229822464,False,,0,,,"34.97273,-105.032363,200mi",,,,,[],,,,
414876368598355968,414832248622284800,2013-12-22 16:53:28 EST,2013-12-22,16:53:28,-0400,1090523083,ooolunaa,rice.,"{'type': 'Point', 'coordinates': [35.0515135, -106.7377697]}",@keeeks_p *JESS.! Jez sounds like jiz.. lolol xD well the pink donut from dunkin donuts is my FAVORITE,en,[],[],[],0,0,0,[],[],https://twitter.com/OooLunaa/status/414876368598355968,False,,0,,,"34.97273,-105.032363,200mi",,,,,[],,,,
414870632040366080,414870632040366080,2013-12-22 16:30:41 EST,2013-12-22,16:30:41,-0400,715514928,jewlieee_l,Julie Leger,"{'type': 'Point', 'coordinates': [35.62757541, -105.22160669]}",All I plan on doing today is eating Taco Bell &amp; watching Long Island Medium.,en,[],[],[],0,0,1,[],[],https://twitter.com/Jewlieee_L/status/414870632040366080,False,,0,,,"34.97273,-105.032363,200mi",,,,,[],,,,
414850306485145601,414832248622284800,2013-12-22 15:09:55 EST,2013-12-22,15:09:55,-0400,1090523083,ooolunaa,rice.,"{'type': 'Point', 'coordinates': [35.0515135, -106.7377697]}",@keeeks_p Ooo. Is that your favorite donut flavor?(x,en,[],[],[],0,0,0,[],[],https://twitter.com/OooLunaa/status/414850306485145601,False,,0,,,"34.97273,-105.032363,200mi",,,,,[],,,,
414814261701926912,414810908653678592,2013-12-22 12:46:41 EST,2013-12-22,12:46:41,-0400,148988741,jordan_wayland,Jordan Wayland,"{'type': 'Point', 'coordinates': [36.70277189, -105.35114068]}",‚Äú@CoDyH11: Driving in the ice and snow. Challenge accepted. Here i come McDonald's.‚Äù Dedication.,en,"[{'screen_name': 'codyh11', 'name': 'cody hunter', 'id': '261929523'}]",[],[],1,0,1,[],[],https://twitter.com/Jordan_Wayland/status/414814261701926912,False,,0,,,"34.97273,-105.032363,200mi",,,,,[],,,,
414624077597257728,414624077597257728,2013-12-22 00:10:58 EST,2013-12-22,00:10:58,-0400,1209893672,onelove123_,D a I s y ‚ô°,"{'type': 'Point', 'coordinates': [36.6874166, -101.488166]}",You don't know what you mean to me #Pizza,en,[],[],[],0,0,2,['pizza'],[],https://twitter.com/Onelove123_/status/414624077597257728,False,,0,,,"34.97273,-105.032363,200mi",,,,,[],,,,
414615532273287169,414615532273287169,2013-12-21 23:37:00 EST,2013-12-21,23:37:00,-0400,62860659,tcharvey7,Terren C. Harvey,"{'type': 'Point', 'coordinates': [36.76467901, -108.14882473]}",Out on that donut hunt,en,[],[],[],0,0,0,[],[],https://twitter.com/tcharvey7/status/414615532273287169,False,,0,,,"34.97273,-105.032363,200mi",,,,,[],,,,
414609784504324096,414609784504324096,2013-12-21 23:14:10 EST,2013-12-21,23:14:10,-0400,25431643,sourishkrout,Sebastian Tiedtke,"{'type': 'Point', 'coordinates': [35.0954735, -106.6711843]}",WW's driver's license @ Old Town Pizza  http://t.co/ZxFhLdPW3S,en,[],['http://instagram.com/p/iNckNWHTo8/'],[],0,0,1,[],[],https://twitter.com/sourishkrout/status/414609784504324096,False,,0,,,"34.97273,-105.032363,200mi",,,,,[],,,,
414600901517533184,414600901517533184,2013-12-21 22:38:52 EST,2013-12-21,22:38:52,-0400,25750640,silas0894,‚ñº≈†I≈ÅAS‚ñ≤,"{'type': 'Point', 'coordinates': [35.19908, -106.65037]}",Pizza from subway &amp; chips #Dinner lol,en,[],[],[],0,0,0,['dinner'],[],https://twitter.com/Silas0894/status/414600901517533184,False,,0,,,"34.97273,-105.032363,200mi",,,,,[],,,,
414593742381649921,414593742381649921,2013-12-21 22:10:25 EST,2013-12-21,22:10:25,-0400,212821524,kayyyswag,Katelyn Rose,"{'type': 'Point', 'coordinates': [35.05920638, -106.7969354]}",The moment when you take the first bite of Dions pizza!!!,en,[],[],[],0,0,4,[],[],https://twitter.com/Kayyyswag/status/414593742381649921,False,,0,,,"34.97273,-105.032363,200mi",,,,,[],,,,
414582235191189504,414582235191189504,2013-12-21 21:24:42 EST,2013-12-21,21:24:42,-0400,576542894,__mk3__,FREAK-LEEK,"{'type': 'Point', 'coordinates': [35.21625127, -106.70676917]}",Bet To Go Ham On This chick-fil-a üëå,en,[],[],[],0,1,0,[],[],https://twitter.com/__MK3__/status/414582235191189504,False,,0,,,"34.97273,-105.032363,200mi",,,,,[],,,,
414569080595955712,414569080595955712,2013-12-21 20:32:25 EST,2013-12-21,20:32:25,-0400,8364532,davidstinemetze,David Stinemetze,"{'type': 'Point', 'coordinates': [32.88652632, -105.96062686]}",Mmmmmm Looking forward to a good green chile burger (@ Hi D Ho w/ @becky_j)  http://t.co/Za9K5gMhJA,en,"[{'screen_name': 'becky_j', 'name': 'becky_j', 'id': '15655324'}]",['http://4sq.com/1duJBZd'],[],0,0,0,[],[],https://twitter.com/DavidStinemetze/status/414569080595955712,False,,0,,,"34.97273,-105.032363,200mi",,,,,[],,,,
414558300584177664,414558300584177664,2013-12-21 19:49:35 EST,2013-12-21,19:49:35,-0400,2256950131,teaseeelouise_,emmmerrs,"{'type': 'Point', 'coordinates': [35.24260859, -106.64601189]}","""Krusty kraaaa-aaaa-aaaab pizzzzza is the pizza YEAAAH for you and meee-eeeeeeee!"" If you sang that, Marry me. üôåüòÇ",en,[],[],[],0,0,0,[],[],https://twitter.com/teaseeelouise_/status/414558300584177664,False,,0,,,"34.97273,-105.032363,200mi",,,,,[],,,,
414552961402953728,414552961402953728,2013-12-21 19:28:22 EST,2013-12-21,19:28:22,-0400,94476683,kidstiles,Geremy,"{'type': 'Point', 'coordinates': [33.57252979, -101.94665899]}",Man that chick fil a hit the spot thank you ‚ù§Ô∏èüòò,en,[],[],[],0,0,1,[],[],https://twitter.com/kidstiles/status/414552961402953728,False,,0,,,"34.97273,-105.032363,200mi",,,,,[],,,,
414545794159505408,414545794159505408,2013-12-21 18:59:53 EST,2013-12-21,18:59:53,-0400,202905957,__miriammm,Miriam,"{'type': 'Point', 'coordinates': [32.29294968, -106.73366965]}",I was gonna stop by and buy a burger buuuut instead got home and cooked some chicken üòÅ,en,[],[],[],0,0,0,[],[],https://twitter.com/__miriammm/status/414545794159505408,False,,0,,,"34.97273,-105.032363,200mi",,,,,[],,,,
414540851323207681,414540851323207681,2013-12-21 18:40:15 EST,2013-12-21,18:40:15,-0400,2175111823,_sosabrianna,Bri,"{'type': 'Point', 'coordinates': [34.8275988, -102.4061685]}","I just want to go home, eat some pizza and Skype with Martin ..",en,[],[],[],0,0,0,[],[],https://twitter.com/_sosabrianna/status/414540851323207681,False,,0,,,"34.97273,-105.032363,200mi",,,,,[],,,,
414538172974919680,414538172974919680,2013-12-21 18:29:36 EST,2013-12-21,18:29:36,-0400,535864580,bamitsjoann,Joann Arrellin‚ú®,"{'type': 'Point', 'coordinates': [32.3082013, -106.7367798]}",The fact that McDonald's now has a buffalo ranch mcchicken and a BBQ ranch burger for a dollar is the greatest thing to happen,en,[],[],[],0,0,2,[],[],https://twitter.com/BAMitsJOANN/status/414538172974919680,False,,0,,,"34.97273,-105.032363,200mi",,,,,[],,,,
414534975912824832,414534975912824832,2013-12-21 18:16:54 EST,2013-12-21,18:16:54,-0400,94476683,kidstiles,Geremy,"{'type': 'Point', 'coordinates': [33.57411633, -101.94767331]}",Once she drops this chick fil a off at my job I'm gonna be straight grubbin!,en,[],[],[],0,0,0,[],[],https://twitter.com/kidstiles/status/414534975912824832,False,,0,,,"34.97273,-105.032363,200mi",,,,,[],,,,
414513741729107968,414513741729107968,2013-12-21 16:52:31 EST,2013-12-21,16:52:31,-0400,109966518,raphaeldez,Sir Raphael,"{'type': 'Point', 'coordinates': [32.40742416, -104.22789619]}",Goddamn it webmissedbthe all you can eat buffet pizzahut #pigout @ Pizza Hut  http://t.co/i0wXqJmto4,en,[],['http://instagram.com/p/iMwj1rpbOX/'],[],0,0,0,['pigout'],[],https://twitter.com/raphaeldez/status/414513741729107968,False,,0,,,"34.97273,-105.032363,200mi",,,,,[],,,,
414508981520850944,414508981520850944,2013-12-21 16:33:37 EST,2013-12-21,16:33:37,-0400,68289336,janicekayla,janice,"{'type': 'Point', 'coordinates': [36.72574425, -108.39808813]}",I actually want Wendy's.,en,[],[],[],0,0,0,[],[],https://twitter.com/janicekayla/status/414508981520850944,False,,0,,,"34.97273,-105.032363,200mi",,,,,[],,,,
414507775989788672,414507775989788672,2013-12-21 16:28:49 EST,2013-12-21,16:28:49,-0400,218743629,dadarkknight21,Rich Aparicio,"{'type': 'Point', 'coordinates': [32.28881557, -106.75299426]}",Looks like I'm gonna be eating pizza all day.,en,[],[],[],0,0,0,[],[],https://twitter.com/DaDarkKnight21/status/414507775989788672,False,,0,,,"34.97273,-105.032363,200mi",,,,,[],,,,
414505961571639296,414505961571639296,2013-12-21 16:21:37 EST,2013-12-21,16:21:37,-0400,835556292,ayyanabel,Anabel Marie,"{'type': 'Point', 'coordinates': [35.0823243, -108.7830575]}",Just made cheeseburgers &amp; homemade fries:),en,[],[],[],0,0,0,[],[],https://twitter.com/ayyanabel/status/414505961571639296,False,,0,,,"34.97273,-105.032363,200mi",,,,,[],,,,
414494326777868288,414494326777868288,2013-12-21 15:35:23 EST,2013-12-21,15:35:23,-0400,544673872,highpieguy,Reefa,"{'type': 'Point', 'coordinates': [35.6650283, -105.9563374]}",Back in the pizza game #gotmyoldjobback,en,[],[],[],0,0,0,['gotmyoldjobback'],[],https://twitter.com/highpieguy/status/414494326777868288,False,,0,,,"34.97273,-105.032363,200mi",,,,,[],,,,
414479023016640512,414464894008696832,2013-12-21 14:34:34 EST,2013-12-21,14:34:34,-0400,1194647552,4stephaniee,Stephanie Mendoza,"{'type': 'Point', 'coordinates': [34.10790433, -102.5779124]}",@brookdenae lol well them go to McDonald's and eat off the dollar menu.,en,[],[],[],1,0,0,[],[],https://twitter.com/4Stephaniee/status/414479023016640512,False,,0,,,"34.97273,-105.032363,200mi",,,,,[],,,,
414463858263089152,414463858263089152,2013-12-21 13:34:18 EST,2013-12-21,13:34:18,-0400,392408519,sebadont,Esperanzaü¶é,"{'type': 'Point', 'coordinates': [34.79797759, -106.7281011]}",I want those chips that they sell at that Mexican food store and a Starbucks coffee,en,[],[],[],0,0,0,[],[],https://twitter.com/sebadont/status/414463858263089152,False,,0,,,"34.97273,-105.032363,200mi",,,,,[],,,,
414459395972411393,414459395972411393,2013-12-21 13:16:34 EST,2013-12-21,13:16:34,-0400,1287467474,ssseleste,‚ôéÔ∏é,"{'type': 'Point', 'coordinates': [32.7145913, -103.12682865]}",McDonald's sweet tea is the bees knees.,en,[],[],[],0,0,1,[],[],https://twitter.com/ssseleste/status/414459395972411393,False,,0,,,"34.97273,-105.032363,200mi",,,,,[],,,,
414312432459198464,414312432459198464,2013-12-21 03:32:36 EST,2013-12-21,03:32:36,-0400,132359787,hozai86,Hozai,"{'type': 'Point', 'coordinates': [32.30661834, -106.75755009]}",Never go wrong with Taco Bell,en,[],[],[],0,1,0,[],[],https://twitter.com/Hozai86/status/414312432459198464,False,,0,,,"34.97273,-105.032363,200mi",,,,,[],,,,
414267713964347392,414259542214451201,2013-12-21 00:34:54 EST,2013-12-21,00:34:54,-0400,578200289,killakelly_,killa kell,"{'type': 'Point', 'coordinates': [34.21641381, -103.303072]}",@AshlynnIdsinga I missed you the moment I walk out of McDonald's! üò≠ you'll never beleieve what my aunt told me AHAHAHAHA,en,[],[],[],1,0,0,[],[],https://twitter.com/killakelly_/status/414267713964347392,False,,0,,,"34.97273,-105.032363,200mi",,,,,[],,,,
414259692500578306,414259692500578306,2013-12-21 00:03:01 EST,2013-12-21,00:03:01,-0400,578200289,killakelly_,killa kell,"{'type': 'Point', 'coordinates': [34.18755546, -103.33131264]}",Good clean fun in McDonald's.,en,[],[],[],0,0,0,[],[],https://twitter.com/killakelly_/status/414259692500578306,False,,0,,,"34.97273,-105.032363,200mi",,,,,[],,,,
414236179915997184,414235452564971520,2013-12-20 22:29:36 EST,2013-12-20,22:29:36,-0400,484252027,somethngbizarre,Scorpion,"{'type': 'Point', 'coordinates': [35.19554626, -106.62086735]}",@McShlong_ bring your own book? bring your own bitch? bring your own bucket of KFC chicken? No I got it! bring your own BROOKE?!,en,[],[],[],0,0,1,[],[],https://twitter.com/SomethngBizarre/status/414236179915997184,False,,0,,,"34.97273,-105.032363,200mi",,,,,[],,,,
414233140320673792,414233140320673792,2013-12-20 22:17:31 EST,2013-12-20,22:17:31,-0400,436101510,bredwards_4,Brandon Edwards üèí,"{'type': 'Point', 'coordinates': [36.38553101, -105.58396618]}",Guess who's going to the A&amp;M chick fil a bowl!!!! This guy üëå,en,[],[],[],0,0,1,[],[],https://twitter.com/Bredwards_4/status/414233140320673792,False,,0,,,"34.97273,-105.032363,200mi",,,,,[],,,,
414227078196633600,414227078196633600,2013-12-20 21:53:26 EST,2013-12-20,21:53:26,-0400,407390025,gizmo_62,Mr. NiceGuy,"{'type': 'Point', 'coordinates': [34.18857903, -101.72418428]}",It's not even 9 yet and I all I want to do is eat 5743777 Taco Bell tacos and sleep!,en,[],[],[],1,1,1,[],[],https://twitter.com/gizmo_62/status/414227078196633600,False,,0,,,"34.97273,-105.032363,200mi",,,,,[],,,,
414209622400974848,414209622400974848,2013-12-20 20:44:04 EST,2013-12-20,20:44:04,-0400,257327080,deedeeznuts,willy,"{'type': 'Point', 'coordinates': [35.17331691, -106.68846782]}",i want pizza rolls right now but i am just to lazy,en,[],[],[],0,0,0,[],[],https://twitter.com/deedeeznuts/status/414209622400974848,False,,0,,,"34.97273,-105.032363,200mi",,,,,[],,,,
414108898896125952,414108898896125952,2013-12-20 14:03:49 EST,2013-12-20,14:03:49,-0400,1206921954,tex_tweets,Austin Tex Bagley,"{'type': 'Point', 'coordinates': [35.1211054, -106.70120072]}",When did Wendy's get so modern? #canistiilgetabaconator  http://t.co/kp4QVz2IYz,en,[],[],['https://pbs.twimg.com/media/Bb812WzIUAAKxdD.jpg'],0,0,0,['canistiilgetabaconator'],[],https://twitter.com/Tex_Tweets/status/414108898896125952,False,,1,https://pbs.twimg.com/media/Bb812WzIUAAKxdD.jpg,,"34.97273,-105.032363,200mi",,,,,[],,,,
